Incident ID,Incident Date,State,City Or County,Address,# Killed,# Injured,Operations
1891461,31-Dec-20,Indiana,Indianapolis,8215 Center Run Road,1,3,N/A
1890946,31-Dec-20,Oregon,Happy Valley,9200 block of SE Idleman Rd,0,4,N/A
1886974,26-Dec-20,Illinois,Rockford,4007 E State St,3,3,N/A
1886913,26-Dec-20,Florida,Tampa,N 20th St and E 7th Ave,2,2,N/A
1887059,26-Dec-20,Massachusetts,Lynn,Washington St and Quincy Ter,1,5,N/A
1886849,26-Dec-20,Florida,Miami,NW 61st St and NW 13th Ave,1,3,N/A
1886372,25-Dec-20,Florida,Boynton Beach,Martin Luther King Jr Blvd and N Seacrest Blvd,1,4,N/A
1886721,25-Dec-20,Arkansas,Atkins,5180 Pine Ridge Rd,5,0,N/A
1886141,24-Dec-20,Florida,Lakeland,1500 block of Amos Ave,1,4,N/A
1885251,22-Dec-20,Mississippi,Meridian,Jeffrey Acres Rd,5,0,N/A
1882214,20-Dec-20,Connecticut,Bridgeport,456 Connecticut Ave,2,2,N/A
1881213,19-Dec-20,Illinois,Chicago,8936 S Cottage Grove Ave,0,6,N/A
1876727,13-Dec-20,West Virginia,Elkview,1384 Cemetery Hill Dr,4,0,N/A
1877043,12-Dec-20,California,San Bernardino,900 block of N Sierra Way,1,3,N/A
1876231,12-Dec-20,New York,Copiague,2336 Great Neck Rd,2,2,N/A
1876039,12-Dec-20,New York,Brooklyn,574 Warren St,0,4,N/A
1876552,12-Dec-20,Maryland,Hyattsville (Landover),8600 block of Old Ardmore Rd,2,2,N/A
1877628,10-Dec-20,Georgia,Tifton,700 block of 17 1/2 St,0,4,N/A
1877122,10-Dec-20,Mississippi,Jackson,1805 Hospital Dr,0,5,N/A
1908063,8-Dec-20,West Virginia,Williamsburg,611 Flynns Creek Rd,6,0,N/A
1873798,8-Dec-20,Louisiana,Lacombe,28399 Palmer Dr,2,3,N/A
1870827,6-Dec-20,Texas,Venus,6100 N FM 157,0,6,N/A
1871627,5-Dec-20,California,Hayward,25000 block of Eldridge Ave,1,3,N/A
1870840,5-Dec-20,North Carolina,Autryville,10101 Gip Rd,0,6,N/A
1869748,4-Dec-20,Illinois,Chicago,4400 block of W Adams St,0,4,N/A
1867006,1-Dec-20,Pennsylvania,Morrisville,1 Makefield Rd,1,3,N/A
1866100,30-Nov-20,Alaska,Palmer,335 N Valley Way,4,0,N/A
1864683,29-Nov-20,Mississippi,Grenada,Highway 8 East,0,11,N/A
1865110,29-Nov-20,Tennessee,Memphis,3492 W Metropolitan Cir,2,3,N/A
1863726,28-Nov-20,South Carolina,Aiken,1695 Richland Ave E,1,10,N/A
1864205,28-Nov-20,South Carolina,Conway,3800 block of Golden Key Rd,0,5,N/A
1864177,28-Nov-20,Louisiana,New Orleans,7001 Lawrence Rd,0,4,N/A
1862947,27-Nov-20,Georgia,Macon,425 Cherry St,1,5,N/A
1863099,27-Nov-20,Ohio,Toledo,3257 Stickney Ave,0,6,N/A
1862603,26-Nov-20,Nevada,Henderson,870 E Lake Mead Pkwy,1,5,N/A
1859390,22-Nov-20,New York,Brooklyn,15 Albany Ave,1,6,N/A
1859110,22-Nov-20,New Jersey,Trenton,Stuyvesant Ave and Hoffman Ave,0,4,N/A
1858455,22-Nov-20,Illinois,Chicago,700 block of E 101st St,1,3,N/A
1859186,22-Nov-20,Louisiana,New Orleans,9232 Chef Menteur Hwy,1,3,N/A
1857439,21-Nov-20,Illinois,Chicago,W 79th St and S Justine St,0,6,N/A
1857947,21-Nov-20,Arizona,Phoenix,35th Ave and Earll Dr,1,4,N/A
1858965,21-Nov-20,Nebraska,Bellevue,1307 Cornhusker Rd,2,2,N/A
1857040,20-Nov-20,Wisconsin,Milwaukee (Wauwatosa),2500 N Mayfair Rd,0,8,N/A
1856417,19-Nov-20,Florida,Haines City,422 N 15th St,1,3,N/A
1855276,18-Nov-20,Texas,Houston,11614 Manor Park Dr,3,2,N/A
1856338,18-Nov-20,South Carolina,Florence,500 block of Gaillard St,0,4,N/A
1854207,17-Nov-20,Tennessee,Jackson,Honey Bear Cove,0,4,N/A
1854149,16-Nov-20,Florida,Miami,200 block of S Biscayne River Dr,0,4,N/A
1853615,16-Nov-20,Illinois,Chicago,700 block of S Pulaski Rd,0,4,N/A
1854076,16-Nov-20,Illinois,Chicago,2700 block of S State St,0,4,N/A
1852831,15-Nov-20,Louisiana,Shreveport,300 block of Douglas St,0,5,N/A
1853089,15-Nov-20,Georgia,Jonesboro,500 Block of Museum Cir,2,2,N/A
1852604,14-Nov-20,South Carolina,Sumter,1008 Marilyn Ave,3,1,N/A
1852853,14-Nov-20,Missouri,Fulton,1915 N Bluff St,0,4,N/A
1852161,14-Nov-20,Ohio,Cincinnati,400 block of Kings Run Dr,0,4,N/A
1852363,14-Nov-20,California,Riverside,La Sierra Avenue and Tin Mine Road,2,3,N/A
1850981,12-Nov-20,Florida,Tampa,1200 block of E Palifox St,2,4,N/A
1850693,12-Nov-20,North Carolina,Gastonia,1225 Union Rd,0,6,N/A
1849308,10-Nov-20,Florida,Tampa,N 50th St and Sligh Ave,1,7,N/A
1847840,9-Nov-20,Texas,Fort Worth,5310 E Rosedale St,0,4,N/A
1846712,8-Nov-20,Virginia,Virginia Beach,3700 block of Whitney Ct,0,4,N/A
1846494,8-Nov-20,Tennessee,Nashville,2nd Ave N and Commerce St,0,8,N/A
1846764,7-Nov-20,Kansas,Ogden,225 Riley Ave,0,4,N/A
1845690,7-Nov-20,South Carolina,Rock Hill,241 Albright Rd,1,3,N/A
1845477,6-Nov-20,Louisiana,New Orleans,8622 Belfast St,2,2,N/A
1844573,5-Nov-20,Ohio,Toledo,2125 Parkwood Ave,3,2,N/A
1843360,4-Nov-20,Missouri,Jefferson City,1299 Lafayette St,0,4,N/A
1842362,3-Nov-20,Nevada,Henderson,1445 Stonelake Cove Ave,4,1,N/A
1842421,2-Nov-20,Ohio,Mansfield,136 Sturges Ave,0,5,N/A
1840600,1-Nov-20,Arizona,Tucson,2500 block of E Aerospace Pkwy,2,2,N/A
1840534,1-Nov-20,South Carolina,Hollywood,7800 block of White Point Rd,0,6,N/A
1840265,1-Nov-20,Indiana,Evansville,664 E Illinois St,0,4,N/A
1840364,1-Nov-20,Oklahoma,Oklahoma City,10601 S Western Ave,1,3,N/A
1841432,1-Nov-20,North Carolina,Winston Salem (Winston-salem),3900 block of Glen Hi Rd,1,3,N/A
1840310,1-Nov-20,New Jersey,Atlantic City,2721 Arctic Ave,1,4,N/A
1839628,31-Oct-20,California,Sacramento,2800 block of Normington Dr,0,4,N/A
1839576,31-Oct-20,Washington,Sumner,127th Ave E and Valley Ave E,0,5,N/A
1839462,31-Oct-20,California,Anaheim,1210 S State College Blvd,0,4,N/A
1840544,31-Oct-20,Nevada,North Las Vegas,3700 block of Iverson Ln,0,4,N/A
1840041,31-Oct-20,Maryland,College Park,7700 Baltimore Ave,0,7,N/A
1839112,30-Oct-20,Maryland,Waldorf,2177 Crain Hwy,1,3,N/A
1839065,30-Oct-20,Illinois,Chicago,11613 S Vincennes Ave,1,3,N/A
1838368,29-Oct-20,Florida,Winter Garden,Center St and 11th St,0,4,N/A
1837146,28-Oct-20,Virginia,Roanoke,1400 block of Rorer Ave SW,0,4,N/A
1837429,28-Oct-20,New Jersey,Newark,381 S 6th St,1,3,N/A
1834216,25-Oct-20,Texas,Fort Worth,1900 block of Carver Ave,2,3,N/A
1835030,25-Oct-20,Texas,San Antonio,2800 block of W Hutchins Pl,1,3,N/A
1834280,25-Oct-20,North Carolina,Raleigh,1731 Trawick Rd,1,3,N/A
1834617,24-Oct-20,Mississippi,Greenwood,W Martin Luther King Dr,2,8,N/A
1832977,22-Oct-20,Louisiana,Rayne,I-10,0,5,N/A
1832014,22-Oct-20,Florida,Miami,1830 NW 50 St,1,3,N/A
1831995,22-Oct-20,Massachusetts,Boston,Columbia Rd and Stanwood St,0,4,N/A
1831091,22-Oct-20,Maryland,Baltimore,500 block of W Franklin St,0,4,N/A
1830875,21-Oct-20,New York,Brooklyn,Nostrand Ave and Hawthorne St,1,5,N/A
1830822,21-Oct-20,Mississippi,Canton,1427 W Peace St,2,2,N/A
1830092,20-Oct-20,Texas,Houston,2117 Chenevert St,3,1,N/A
1829132,19-Oct-20,Ohio,Mansfield,136 Sturges Ave,0,5,N/A
1828796,19-Oct-20,Louisiana,New Orleans,2599 N Prieur St,1,3,N/A
1827437,18-Oct-20,Maryland,Annapolis,100 block of Clay St,1,3,N/A
1828080,18-Oct-20,Illinois,Chicago,200 block of N Sacramento Blvd,1,4,N/A
1828019,18-Oct-20,Tennessee,Nashville,1100 block of W Grove Ave,0,4,N/A
1826680,17-Oct-20,New York,Lockport,43 S Niagara St,1,5,N/A
1826613,17-Oct-20,South Carolina,Rock Hill,524 N Anderson Rd,0,5,N/A
1826444,16-Oct-20,California,San Jose,175 S Capitol Ave,2,4,N/A
1825525,16-Oct-20,Florida,Orlando,2000 block of N Forsyth Rd,3,1,N/A
1826655,16-Oct-20,Arizona,Mesa,2115 Guadalupe Rd,1,6,N/A
1826675,16-Oct-20,California,San Francisco,200 block of Scherwin St,1,3,N/A
1824979,15-Oct-20,Louisiana,Lafayette,100 block of Laser Ln,2,2,N/A
1825896,15-Oct-20,Maryland,Baltimore,2900 block of Westwood Ave,0,7,N/A
1824073,14-Oct-20,Pennsylvania,Philadelphia,3900 block of  Buist Ave,0,4,N/A
1821574,12-Oct-20,South Carolina,Myrtle Beach,1012 US-501,2,3,N/A
1821496,11-Oct-20,Georgia,Atlanta,330 W Peachtree St NW,0,4,N/A
1820156,10-Oct-20,Illinois,Chicago,100 block of S Keeler Ave,1,3,N/A
1823101,10-Oct-20,South Carolina,Kingstree,55 Williamsburg County Hwy,0,8,N/A
1819955,10-Oct-20,Missouri,Saint Louis (Jennings),8800 block of Shannon Fox Cir,2,2,N/A
1818055,8-Oct-20,Pennsylvania,Philadelphia,4935 Frankford Ave,1,6,N/A
1816799,7-Oct-20,Alaska,Anchorage,200 block of McCarrey St,1,4,N/A
1817184,7-Oct-20,New York,Brooklyn,181 Hegeman Ave,1,3,N/A
1815308,5-Oct-20,District of Columbia,Washington,400 block of Orange St SE,1,3,N/A
1814148,4-Oct-20,Georgia,Atlanta,1570 Joseph E Boone Blvd NW,1,5,N/A
1813872,4-Oct-20,Indiana,Indianapolis,5462 Massachusetts Ave,3,4,N/A
1813306,3-Oct-20,Tennessee,Clarksville,100 block of Tiny Town Rd,0,5,N/A
1813583,3-Oct-20,California,Sacramento,Roanoke Ave and Haywood St,1,3,N/A
1812972,2-Oct-20,California,Los Angeles,51st St and Hoover St,0,4,N/A
1812838,2-Oct-20,Washington,Seattle,9700 block of 59th Ave S,0,4,N/A
1812049,1-Oct-20,Michigan,Detroit,15018 Houston Whittier St,0,5,N/A
1810696,30-Sep-20,North Carolina,Greensboro,700 block of Milton St,0,4,N/A
1810881,30-Sep-20,Florida,Jacksonville,12517 Beach Blvd,0,4,N/A
1810358,30-Sep-20,Wisconsin,Milwaukee,4217 W Fond du Lac Ave,0,7,N/A
1809910,29-Sep-20,Pennsylvania,Philadelphia,4500 block of N 19th St,0,5,N/A
1809484,29-Sep-20,Ohio,Painesville,100 block of Morse Ave,2,2,N/A
1807325,28-Sep-20,Michigan,Detroit,6609 Michigan Ave,0,6,N/A
1806806,27-Sep-20,Ohio,Sandusky,Hancock St and Neil St,1,3,N/A
1808628,27-Sep-20,California,San Bernardino,900 block of N Sierra Way,1,3,N/A
1807096,27-Sep-20,Tennessee,Nashville,619 Millwood Dr,0,4,N/A
1807046,26-Sep-20,Pennsylvania,Philadelphia,100 block of N Lindenwood St,0,4,N/A
1806035,26-Sep-20,Alabama,Enterprise,507 Glover Ave,1,3,N/A
1806002,26-Sep-20,Iowa,Waterloo,501 W 4th St,2,6,N/A
1805722,26-Sep-20,Illinois,Chicago,2400 block of W Lithuanian Plaza Ct,0,4,N/A
1806368,26-Sep-20,Missouri,Saint Louis,4700 block of Vernon Ave,0,5,N/A
1806500,25-Sep-20,Pennsylvania,Philadelphia,1300 block of Sanger St,0,4,N/A
1804511,23-Sep-20,Georgia,Hampton,1577 Glynn Ct,1,3,N/A
1802862,23-Sep-20,Minnesota,Minneapolis,200 W Broadway Ave,0,5,N/A
1800886,21-Sep-20,Ohio,Struthers,111 Perry St,1,4,N/A
1800549,20-Sep-20,New York,Corona (Queens),Merrick Blvd and Foch Blvd,0,4,N/A
1800514,20-Sep-20,Connecticut,Stamford,Ursula Pl and Dale St,1,3,N/A
1800026,19-Sep-20,New York,Buffalo,Glenwood Ave and Jefferson Ave,1,4,N/A
1799748,19-Sep-20,Illinois,Chicago,12200 block of S May St,0,4,N/A
1799703,19-Sep-20,Illinois,Chicago,6900 block of S Claremont Ave,0,4,N/A
1800188,19-Sep-20,New Jersey,Plainfield,523 W 3rd St,0,4,N/A
1799307,19-Sep-20,New York,Rochester,278 Pennsylvania Ave,2,14,N/A
1800192,19-Sep-20,New Jersey,Paterson,Elizabeth St and Getty Ave,0,5,N/A
1800779,19-Sep-20,Arkansas,West Memphis,900 block of Winchell St,0,5,N/A
1799160,18-Sep-20,Arkansas,Little Rock,5311 Mabelvale Pike,0,4,N/A
1797620,16-Sep-20,Pennsylvania,Philadelphia,1800 Wallace St,2,3,N/A
1796684,15-Sep-20,California,San Jose,600 block of S 8th St,2,4,N/A
1796638,15-Sep-20,Illinois,Chicago,3500 block of W Lawrence Ave,0,5,N/A
1795391,14-Sep-20,Louisiana,Baker,Burgess Dr,0,4,N/A
1793826,13-Sep-20,Michigan,Grand Rapids,3950 Stahl Dr SE,0,7,N/A
1794138,13-Sep-20,Tennessee,Beechgrove,I-24 and Beech Grove Rd,3,3,N/A
1793559,13-Sep-20,Florida,Tampa,5110 N 40th St,0,4,N/A
1794086,13-Sep-20,Illinois,Chicago,6100 block of S Throop St,1,3,N/A
1793521,13-Sep-20,New Jersey,New Brunswick,32 Delafield St,2,7,N/A
1792650,12-Sep-20,Illinois,Chicago,100 block of N Pine Ave,2,4,N/A
1793680,12-Sep-20,North Carolina,Wilson,200 block of Dewey St,0,5,N/A
1793771,12-Sep-20,Pennsylvania,Philadelphia,N 18th St and Dauphin St,0,4,N/A
1792624,11-Sep-20,Louisiana,Donaldsonville,St Elizabeth St and Front St,0,5,N/A
1791482,10-Sep-20,Louisiana,New Orleans,4100 block of Rayne Dr,3,2,N/A
1788401,8-Sep-20,Maryland,Baltimore,2300 block of Greenmount Ave,0,5,N/A
1788168,7-Sep-20,Louisiana,New Orleans,1500 block of Freret St,0,4,N/A
1787655,7-Sep-20,New York,Brooklyn,Norstrand Ave and Crown St,0,5,N/A
1788352,7-Sep-20,California,Aguanga,45125 Highway 371,7,0,N/A
1787222,7-Sep-20,Indiana,Indianapolis,W 38th St and Graceland Ave,1,4,N/A
1786855,6-Sep-20,Georgia,Sparta,Faye St and Lee St,1,6,N/A
1786920,6-Sep-20,Illinois,Chicago,S Kingston Ave and E 77th St,0,4,N/A
1787977,6-Sep-20,Tennessee,Memphis,6555 Lost Oak Dr,0,4,N/A
1786829,6-Sep-20,Colorado,Commerce City,6700 block of Birch St,0,4,N/A
1787286,6-Sep-20,Missouri,Kansas City,3999 Swope Pkwy,0,6,N/A
1786890,6-Sep-20,Missouri,Saint Louis,5700 block of Minerva Ave,1,3,N/A
1787006,6-Sep-20,Louisiana,New Iberia,1752 Center St,0,5,N/A
1787387,6-Sep-20,Maryland,Baltimore,4900 block of Reisterstown Rd,0,4,N/A
1786488,5-Sep-20,Texas,Houston,9940 Fondren Rd,0,4,N/A
1786449,5-Sep-20,Maryland,Baltimore,2000 block of W Lexington St,1,3,N/A
1785713,5-Sep-20,Florida,Williston,Co Rd 318 and US-27 Alt,0,6,N/A
1786806,5-Sep-20,Arkansas,Little Rock,400 President Clinton Ave,0,4,N/A
1805455,3-Sep-20,South Carolina,Anderson,R St and Chase Ave,1,3,N/A
1785358,3-Sep-20,Florida,Miami,2000 block of NW 71st St,1,3,N/A
1784570,3-Sep-20,Arkansas,Hensley,Woodson Lateral Rd and I-530,1,3,N/A
1785108,3-Sep-20,Pennsylvania,Philadelphia,700 block of E Chelten Ave,0,6,N/A
1785593,3-Sep-20,Arkansas,Little Rock,19 Nandina Cir,0,4,N/A
1783582,2-Sep-20,Pennsylvania,Philadelphia,1800 block of Moore St,2,2,N/A
1784141,2-Sep-20,Georgia,Albany,1400 block of E Residence Ave,1,3,N/A
1783928,2-Sep-20,California,Oakland,Kerwin Ave and 105th Ave,0,4,N/A
1825993,31-Aug-20,Pennsylvania,Philadelphia,1500 block of W Clearfield St,0,5,N/A
1782962,31-Aug-20,Florida,Tallahassee,2660 Old Bainbridge Rd,0,4,N/A
1780301,30-Aug-20,Kentucky,Lexington,545 N Upper St,0,7,N/A
1780199,30-Aug-20,Illinois,Zion,2300 block of Joppa Ave,1,3,N/A
1780266,30-Aug-20,Texas,San Antonio,S Olive St and Aransas Ave,2,2,N/A
1779981,30-Aug-20,New York,Buffalo,500 block of Fillmore Ave,1,4,N/A
1784122,30-Aug-20,Pennsylvania,Philadelphia,5317 Oxford Ave,0,4,N/A
1779718,30-Aug-20,Illinois,Chicago,11601 S Western Ave,1,4,N/A
1780091,30-Aug-20,Kentucky,Madisonville,400 block of Elm St,0,5,N/A
1780228,29-Aug-20,Nevada,Las Vegas,777 E Twain Ave,2,2,N/A
1778571,29-Aug-20,Illinois,Rock Island,1800 2nd Ave,1,5,N/A
1778435,28-Aug-20,Minnesota,Minneapolis,2400 block of Irving Ave N,0,4,N/A
1778542,28-Aug-20,Pennsylvania,Chester,2900 block of W 2nd St,1,3,N/A
1779023,28-Aug-20,Texas,Dallas,2600 block of Elm St,1,4,N/A
1777607,27-Aug-20,Oregon,Portland,10500 block of NE Halsey St,1,3,N/A
1777180,26-Aug-20,Michigan,Pontiac,252 Carriage Circle Dr,3,1,N/A
1776905,26-Aug-20,South Carolina,Hilton Head Island,Muddy Creek Rd and Spanish Wells Rd,0,4,N/A
1777400,26-Aug-20,Pennsylvania,Philadelphia,5500 block of Chew Ave,0,4,N/A
1776189,25-Aug-20,Virginia,Norfolk,800 block of E Princess Anne Rd,0,5,N/A
1775249,25-Aug-20,New York,Rochester,70 block of Flower St,0,4,N/A
1774123,24-Aug-20,Michigan,Detroit,11938 E McNichols Rd,0,4,N/A
1773194,24-Aug-20,California,Sacramento,1200 block of Helena Ave,1,3,N/A
1774138,24-Aug-20,Florida,West Palm Beach,1000 block of 18th St,0,4,N/A
1773996,24-Aug-20,Virginia,Richmond,2300 block of Bethel St,1,4,N/A
1772680,23-Aug-20,Tennessee,Somerville,1100 block of Brewer Rd,1,4,N/A
1772623,23-Aug-20,Arkansas,Pine Bluff,2901 W 28th Ave,0,7,N/A
1772513,23-Aug-20,New York,Brooklyn,2946 W 23rd St,1,3,N/A
1772934,23-Aug-20,Colorado,Pueblo,2000 block of Longhorn Point,0,6,N/A
1772438,23-Aug-20,Illinois,Champaign,100 block of Kenwood Rd,0,4,N/A
1773006,23-Aug-20,Illinois,Chicago,6600 S Halsted St,0,4,N/A
1772764,22-Aug-20,Illinois,Rockford,1300 block of 10th St,1,3,N/A
1772174,22-Aug-20,Alabama,Bessemer (Hueytown),Allison Bonnet Memorial Dr and Rutledge Dr,1,3,N/A
1769444,19-Aug-20,Pennsylvania,Philadelphia,700 block of S 55th St,0,4,N/A
1769489,19-Aug-20,Illinois,Chicago,8500 block of S Parnell Ave,0,6,N/A
1768125,18-Aug-20,Pennsylvania,Philadelphia,3000 block of Cumberland St,1,4,N/A
1767851,18-Aug-20,New York,Corona (Queens),35-35 21st St,0,4,N/A
1767747,18-Aug-20,Illinois,Rockford,3001 Harney Ct,0,4,N/A
1768683,17-Aug-20,Ohio,Cleveland,Dove Ave and E 102nd St,0,5,N/A
1766574,17-Aug-20,New York,Brooklyn,Atlantic Ave and Hinsdale St,0,4,N/A
1767402,17-Aug-20,Texas,Dayton,County Rd 4901,3,2,N/A
1765658,16-Aug-20,Kentucky,Lexington,1000 block of Newtown Ct,1,3,N/A
1765624,16-Aug-20,Ohio,Cincinnati,700 block of Chalfonte Pl,1,3,N/A
1765636,16-Aug-20,Ohio,Cincinnati,70 E McMicken Ave,2,9,N/A
1766423,16-Aug-20,Ohio,Cincinnati,700 block of Chalfonte Pl,1,3,N/A
1766380,16-Aug-20,Colorado,Denver,W Alameda Ave and S Federal Blvd,2,4,N/A
1765920,16-Aug-20,Oklahoma,Oklahoma City,SW 59th St and Agnew Ave,0,4,N/A
1765336,15-Aug-20,Michigan,Belleville,24914 Martinsville Rd,4,0,N/A
1765499,15-Aug-20,Pennsylvania,Philadelphia,N 10th St and Brown St,0,5,N/A
1765890,15-Aug-20,New York,Rochester,501 Thurston Rd,0,5,N/A
1765705,15-Aug-20,Connecticut,New Haven,Rosette St and Hurlburt St,1,5,N/A
1764756,15-Aug-20,Alabama,Troy,4100 US-231 S,2,3,N/A
1764619,14-Aug-20,New York,New York (Manhattan),111 Lenox Ave,0,4,N/A
1762951,12-Aug-20,New Jersey,Newark,N 12th St,1,4,N/A
1762997,12-Aug-20,Ohio,Dayton,2049 Catalpa Dr,1,3,N/A
1761557,11-Aug-20,California,Torrance,22904 Lockness Ave,0,5,N/A
1759873,9-Aug-20,Colorado,Denver,1400 block of W Byers Pl,0,9,N/A
1759779,9-Aug-20,Ohio,Toledo,Monroe St and N Detroit Ave,0,6,N/A
1758966,9-Aug-20,District of Columbia,Washington,3300 block of Dubois Pl SE,1,21,N/A
1760207,9-Aug-20,Mississippi,Jackson,3600 block of Cromwell St,0,4,N/A
1760261,9-Aug-20,Texas,Houston,9700 Homestead Rd,0,4,N/A
1759425,8-Aug-20,Kentucky,Paducah,900 block of Boyd St,1,4,N/A
1758838,8-Aug-20,Pennsylvania,Philadelphia,1101 N 38th St,0,6,N/A
1759439,8-Aug-20,Massachusetts,Brockton,124 Laureston St,0,5,N/A
1759237,8-Aug-20,Alabama,Birmingham (Ensley),426 18th St,1,5,N/A
1758774,8-Aug-20,New York,Albany,First St and Quail St,1,3,N/A
1757380,6-Aug-20,California,Oakland,4500 block of Fairfax Ave,1,3,N/A
1756248,5-Aug-20,Illinois,Chicago,700 block of S Karlov Ave,0,4,N/A
1755566,4-Aug-20,Wisconsin,Madison,333 S Rosa Rd,0,4,N/A
1755297,4-Aug-20,District of Columbia,Washington,5400 block of Georgia Ave NW,0,4,N/A
1754613,4-Aug-20,California,Beverly Hills,13200 Mulholland Dr,1,4,N/A
1754640,4-Aug-20,Missouri,Saint Louis,5300 block of Bircher Blvd,1,3,N/A
1754672,4-Aug-20,Connecticut,Hartford,818 Windsor St,1,5,N/A
1754363,3-Aug-20,New York,Bronx,450 St Ann's Ave,0,4,N/A
1753320,2-Aug-20,Pennsylvania,Philadelphia,3100 block of Weymouth St,0,4,N/A
1753561,2-Aug-20,New Jersey,Newark,200 block of 6th Ave,0,5,N/A
1752100,1-Aug-20,Illinois,Chicago,100 block of N Laporte Ave,1,4,N/A
1753235,1-Aug-20,Texas,Pointblank,4411 Counts Rd,2,3,N/A
1751949,1-Aug-20,Colorado,Denver,3000 block of W Virginia Ave,1,4,N/A
1752790,1-Aug-20,Alabama,Montgomery,1100 block of Eastern Blvd,0,4,N/A
1752019,31-Jul-20,Pennsylvania,Philadelphia,2500 block of Ingersoll St,1,3,N/A
1750611,30-Jul-20,Florida,Tampa,I-275 and N Westshore Blvd,0,5,N/A
1750548,30-Jul-20,Florida,Miami Gardens,16701 NW 42 Ave,0,5,N/A
1750250,29-Jul-20,Michigan,Detroit,5200 block of Canton St,0,4,N/A
1749873,29-Jul-20,Ohio,Elyria,537 Willow Park Rd,5,0,N/A
1749746,29-Jul-20,Missouri,Saint Louis,5500 block of Floy Ave,3,2,N/A
1749281,28-Jul-20,Delaware,Wilmington,1100 block of Beech St,2,2,N/A
1749535,28-Jul-20,Wisconsin,Milwaukee,2600 block of W Atkinson Ave,0,4,N/A
1748134,27-Jul-20,Washington,Federal Way,2410 S 312th St,1,3,N/A
1747700,27-Jul-20,Illinois,Chicago,705 E 92nd Pl,1,4,N/A
1746441,26-Jul-20,Michigan,Flint,4462 Corunna Rd,1,3,N/A
1746658,26-Jul-20,Texas,Mount Enterprise,1039 FM 1798,0,4,N/A
1746282,26-Jul-20,Kentucky,Louisville,I-64,1,3,N/A
1746417,26-Jul-20,Colorado,Commerce City,6300 block of Ivanhoe St,1,3,N/A
1748023,26-Jul-20,Arkansas,Magnolia,1000 block of W Monroe St,0,4,N/A
1746582,25-Jul-20,Michigan,Flint,4813 Clio Rd,0,6,N/A
1745903,25-Jul-20,North Carolina,Raleigh,503 Bragg St,0,4,N/A
1746160,25-Jul-20,Florida,Miami,2900 block of Northwest 51st St,1,3,N/A
1746430,25-Jul-20,Colorado,Denver,East 33rd Ave and Hudson St,2,3,N/A
1746674,25-Jul-20,Texas,Dallas,525 S Riverfront Blvd,0,4,N/A
1745737,25-Jul-20,California,Manteca,4447 Woodward Ave,0,7,N/A
1744407,24-Jul-20,Georgia,Atlanta,Sunset Ave NW and Lester St NW,2,2,N/A
1743168,23-Jul-20,Virginia,Fairfield,3700 block of Meadowbridge Rd,1,3,N/A
1743488,23-Jul-20,Virginia,Petersburg,Wesley St,0,4,N/A
1744332,23-Jul-20,Illinois,Chicago,120th St and Prairie Ave,2,4,N/A
1743108,22-Jul-20,Michigan,Warren,28200 block of Lawson St,0,4,N/A
1741838,21-Jul-20,Illinois,Chicago,1018 W 79th St,0,15,N/A
1740533,20-Jul-20,Virginia,Richmond,6850 Forest Hill Ave,1,4,N/A
1740615,20-Jul-20,Illinois,Chicago,S Lawndale Ave and W Douglas Blvd,0,5,N/A
1739920,19-Jul-20,Michigan,Detroit,McKinney St and Meuse St,1,3,N/A
1739571,19-Jul-20,Nebraska,Omaha,28th St and T Ave,0,8,N/A
1740013,19-Jul-20,Illinois,Chicago,11300 block of South Carpenter St,2,3,N/A
1739434,19-Jul-20,Illinois,Peoria,NE Water St and Hamilton Blvd,0,13,N/A
1739658,19-Jul-20,District of Columbia,Washington,3600 block of 14th St NW,1,8,N/A
1739917,19-Jul-20,Michigan,Detroit,9122 Dexter Ave,4,0,N/A
1738635,18-Jul-20,Illinois,Chicago,1600 block of S Keeler Ave,1,4,N/A
1739097,17-Jul-20,Ohio,Columbus,E 6th Ave and Summit St,0,4,N/A
1739413,17-Jul-20,Florida,Madison,SW Louisiana Terrace,0,4,N/A
1736508,16-Jul-20,Tennessee,Nashville,S 7th St and Sylvan St,0,5,N/A
1736383,15-Jul-20,Louisiana,Shreveport,6725 Buncombe Rd,1,3,N/A
1735326,15-Jul-20,New York,Brooklyn,President St and Franklin Ave,1,5,N/A
1735573,14-Jul-20,Missouri,Saint Joseph,S 18th St and Charles St,0,5,N/A
1735470,14-Jul-20,North Carolina,Durham,200 Block of S Benjamine St,0,8,N/A
1733702,13-Jul-20,New York,Brooklyn,Remsen Ave,0,6,N/A
1734064,13-Jul-20,Kentucky,Louisville,1200 block of W Hill St,1,3,N/A
1734058,13-Jul-20,Washington,Kent,23201 Pacific Hwy South,0,6,N/A
1732993,12-Jul-20,New York,Brooklyn,Madison St and Marcus Garvey Blvd,1,3,N/A
1732485,12-Jul-20,Louisiana,Baton Rouge,4718 Plank Rd,1,7,N/A
1732688,12-Jul-20,Michigan,Lansing,3029 BeauJardin Dr,0,5,N/A
1732365,12-Jul-20,Florida,Fort Lauderdale,3000 block of NW 12th Ct,2,2,N/A
1733188,12-Jul-20,Illinois,Chicago,700 block of W 66th Pl,1,3,N/A
1732229,12-Jul-20,Illinois,Chicago,1100 block of N Lawndale Ave,1,4,N/A
1732532,12-Jul-20,Mississippi,Como,2965 Hunter Chapel Road,2,4,N/A
1731349,11-Jul-20,New York,Rochester,485 N Clinton Ave,0,6,N/A
1732321,11-Jul-20,Delaware,Wilmington,600 block of N Pine St,0,5,N/A
1727743,7-Jul-20,Virginia,Alexandria,7900 block of Janna Lee Ave,0,5,N/A
1728683,7-Jul-20,New Jersey,Paterson,Harrison St and Carroll St,4,3,N/A
1727567,6-Jul-20,Illinois,Chicago,1305 W 76th St,0,6,N/A
1725108,5-Jul-20,South Carolina,Greenville,1701 White Horse Rd,2,8,N/A
1725883,5-Jul-20,Illinois,Chicago,3700 block of W Jackson Blvd,0,4,N/A
1725802,5-Jul-20,Iowa,Davenport,1000 block of W 3rd St,1,3,N/A
1725167,5-Jul-20,New York,New York (Manhattan),549 Academy St,0,5,N/A
1726770,5-Jul-20,Arkansas,Helena,1317 Perry St,1,3,N/A
1725690,5-Jul-20,Georgia,Atlanta,200 block of Auburn Ave,2,13,N/A
1725946,5-Jul-20,Missouri,Columbia,Volunteer Dr and Grace Ln,2,3,N/A
1725379,5-Jul-20,Wisconsin,Milwaukee,5800 block of W Hope Ave,0,4,N/A
1726446,5-Jul-20,Texas,Houston,Service Rd and Holcombe Blvd,0,4,N/A
1725327,5-Jul-20,Maryland,Cambridge,700 block of Weaver Ave,0,4,N/A
1725145,5-Jul-20,Illinois,Chicago,1500 block of S Millard Ave,1,5,N/A
1725635,5-Jul-20,Pennsylvania,Ephrata,6 Blackberry Ln,0,4,N/A
1726034,5-Jul-20,Illinois,Freeport,900 block of S Carroll Ave,1,5,N/A
1727515,5-Jul-20,Mississippi,Greenville,Union St,0,4,N/A
1725571,5-Jul-20,Michigan,Detroit,San Juan Dr and W McNichols Rd,2,4,N/A
1725025,4-Jul-20,Maryland,Temple Hills (Marlow Heights),4600 Dallas Pl,1,3,N/A
1725670,4-Jul-20,Georgia,Atlanta,1600 block of Lakewood Ave,0,5,N/A
1725407,4-Jul-20,Massachusetts,Lynn,134 Fayette St,1,4,N/A
1724231,4-Jul-20,Michigan,Detroit,8340 Homer St,2,3,N/A
1725735,4-Jul-20,South Carolina,Barnwell,N/A,0,5,N/A
1725098,4-Jul-20,Illinois,Chicago,8300 block of S Kingston Ave,1,3,N/A
1725081,4-Jul-20,Illinois,Chicago,6100 block of S Carpenter St,4,4,N/A
1724887,4-Jul-20,Louisiana,Baton Rouge,11300 block of Greenwell Springs Rd,0,4,N/A
1724219,4-Jul-20,Mississippi,Jackson,6340 Ridgewood Ct Dr,1,3,N/A
1723897,3-Jul-20,Alabama,Birmingham (Hoover),2000 Riverchase Galleria,1,3,N/A
1724273,3-Jul-20,Maryland,Baltimore,700 block of S Woodington Rd,0,4,N/A
1723184,2-Jul-20,California,Delano,2100 block of Oleander St,2,3,N/A
1723352,2-Jul-20,Massachusetts,Somerville,5 River Rd,0,4,N/A
1722839,2-Jul-20,New Jersey,Paterson,N Main St and Jefferson St,1,4,N/A
1722142,1-Jul-20,California,Oakland,MacArthur Fwy and 106th Ave,0,4,N/A
1729506,1-Jul-20,Louisiana,Lake Charles,1600 block of Moss St,0,4,N/A
1721964,30-Jun-20,Iowa,Davenport,1400 block of Pershing Ave,0,5,N/A
1720781,30-Jun-20,Georgia,Atlanta,Parkway Dr,1,4,N/A
1721669,30-Jun-20,Massachusetts,Boston,14 Circuit St,1,3,N/A
1720761,30-Jun-20,Illinois,Chicago,350 W Chicago Ave,0,4,N/A
1721572,30-Jun-20,Ohio,Dayton,3500 block of Stanford Pl,0,4,N/A
1722317,30-Jun-20,Arkansas,Greenbrier,123 Laramie Rd,0,4,N/A
1720834,29-Jun-20,California,Sylmar,Osborne St and Foothill Blvd,0,4,N/A
1720655,29-Jun-20,South Dakota,Sioux Falls,902 N Prairie Ave,1,3,N/A
1719693,28-Jun-20,Pennsylvania,Philadelphia,1900 block of E Somerset St,2,2,N/A
1719668,28-Jun-20,Alabama,Akron,Co Rd 21,0,7,N/A
1718966,27-Jun-20,Illinois,Chicago,3100 block of S Rhodes Ave,2,2,N/A
1718847,27-Jun-20,California,Red Bluff,10815 State Hwy 99W,3,4,N/A
1718463,27-Jun-20,Illinois,Peoria,1400 block of SW Jefferson St,0,4,N/A
1718238,27-Jun-20,New York,Brooklyn,Rockaway Pkwy and Ave B,0,4,N/A
1719645,27-Jun-20,Arkansas,Blytheville,600 block of Parkway Dr,3,1,N/A
1717828,26-Jun-20,Colorado,Aurora,698 Peoria St,0,5,N/A
1718292,26-Jun-20,California,Fresno,Pico Ave,0,4,N/A
1717173,26-Jun-20,Arizona,Phoenix,5035 W McDowell Rd,0,4,N/A
1717543,25-Jun-20,Pennsylvania,Philadelphia,Emerald St and E Atlantic St,0,4,N/A
1716944,25-Jun-20,Connecticut,Bridgeport,527 Huntington Rd,1,3,N/A
1715616,24-Jun-20,Tennessee,Jackson,Melwood St,0,4,N/A
1714504,23-Jun-20,Illinois,Chicago,9100 block of South Ellis Ave,0,4,N/A
1715231,23-Jun-20,Florida,Lake Worth,Lantana Rd and Edgecliff Ave,0,5,N/A
1712342,22-Jun-20,North Carolina,Charlotte,1800 block of Beatties Ford Rd,4,5,N/A
1713075,22-Jun-20,California,San Francisco,200 block of Leavenworth St,0,5,N/A
1713790,22-Jun-20,New York,Brooklyn,Sterling St and Brooklyn Ave,0,5,N/A
1712876,22-Jun-20,Minnesota,Minneapolis,N Morgan Ave and N 16th Ave,0,4,N/A
1712898,22-Jun-20,Minnesota,Minneapolis,627 W Broadway,0,4,N/A
1712408,22-Jun-20,Illinois,Chicago,200 S Central Park Blvd,0,5,N/A
1712386,22-Jun-20,Illinois,Chicago,5200 block of S Lowe Ave,0,4,N/A
1713668,22-Jun-20,Ohio,Columbus,1910 Fountainview Ct,1,4,N/A
1711747,21-Jun-20,New York,Buffalo,W Ferry St and Niagara St,0,4,N/A
1711626,21-Jun-20,Texas,Austin,500 block of E 7th St,0,5,N/A
1711410,21-Jun-20,Minnesota,Minneapolis,2939 Hennepin Ave S,0,11,N/A
1711690,21-Jun-20,Alabama,Auburn,600 block of Railroad Ave,0,4,N/A
1713493,21-Jun-20,Texas,Corpus Christi,5802 Everhart Rd,1,3,N/A
1711605,21-Jun-20,Wisconsin,Milwaukee,North 28th St and West Ruby Ave,0,5,N/A
1711487,21-Jun-20,Illinois,Chicago,2600 block of W Potomac Ave,1,3,N/A
1710537,20-Jun-20,New York,Bronx,Mount Eden Pkwy and Monroe Ave,0,4,N/A
1711285,20-Jun-20,New York,Syracuse,Marcellus St and Wyoming St,1,8,N/A
1711876,20-Jun-20,Michigan,Detroit,Appoline St and Puritan Ave,0,4,N/A
1710680,20-Jun-20,New Jersey,Jersey City,Union St and Ocean Ave,1,4,N/A
1711272,20-Jun-20,Michigan,Saginaw,Livingston Dr and Tausend St,1,3,N/A
1710849,20-Jun-20,Wisconsin,Janesville,6530 S US-51,0,5,N/A
1710920,20-Jun-20,North Carolina,Pinetops,715 E Lashley St,2,2,N/A
1711397,20-Jun-20,Kansas,Wichita,3741 N Rock Rd,0,5,N/A
1711134,20-Jun-20,New York,Bronx,Mapes Ave,0,4,N/A
1708889,18-Jun-20,New York,Albany,8 Albany St,0,7,N/A
1708432,17-Jun-20,Illinois,Chicago,1323 W 76th St,0,4,N/A
1706994,16-Jun-20,Iowa,Fort Dodge,900 block of 10th Ave SW,2,2,N/A
1706710,15-Jun-20,Illinois,Chicago,W Diversey Ave,0,4,N/A
1704879,14-Jun-20,Minnesota,Minneapolis,328 W Broadway Ave,1,6,N/A
1704862,14-Jun-20,Kentucky,Louisville,531 Franklin St,1,4,N/A
1704873,14-Jun-20,Louisiana,Lafayette,400 block of Jefferson St,0,5,N/A
1705050,14-Jun-20,Louisiana,Lake Charles,3945 US-90,0,4,N/A
1705346,14-Jun-20,Louisiana,New Orleans,600 block of S Lopez St,2,2,N/A
1705355,13-Jun-20,Arkansas,Rison,Carver St and Center St,0,4,N/A
1705440,13-Jun-20,California,Hesperia,8100 block of Julie Ct,0,5,N/A
1704116,13-Jun-20,Missouri,Saint Louis,3103 N Grand Blvd,2,4,N/A
1704176,13-Jun-20,Maryland,Baltimore,700 block of S Broadway St,0,5,N/A
1704580,13-Jun-20,Georgia,Atlanta,69 Mason Ave NE,2,5,N/A
1704727,13-Jun-20,District of Columbia,Washington,3100 block of Waclark Pl SE,2,5,N/A
1704415,13-Jun-20,New York,Wyandanch,76 Grand Blvd,1,7,N/A
1703509,12-Jun-20,Pennsylvania,Philadelphia,N Broad St and Colwyn St,0,6,N/A
1704217,12-Jun-20,New York,Bronx,E 233rd St and Bronx River Pkwy,1,3,N/A
1703985,12-Jun-20,Texas,San Antonio,8134 Broadway St,0,8,N/A
1702276,11-Jun-20,Virginia,Richmond,800 block of N 1st St,0,4,N/A
1702172,11-Jun-20,District of Columbia,Washington,1200 block of Mt Olivet Rd NE,0,7,N/A
1703044,11-Jun-20,Louisiana,Monroe,1101 Richwood Road 2,6,0,N/A
1703055,11-Jun-20,Texas,Houston,5840 Glenmont Dr,2,4,N/A
1701714,10-Jun-20,California,Paso Robles,900 Park St,2,4,N/A
1702372,10-Jun-20,California,Sacramento,68th Avenue and Della Circle,1,4,N/A
1701382,10-Jun-20,Ohio,Toledo,1100 block of Baker St,1,3,N/A
1700864,9-Jun-20,North Carolina,Scotland Neck,E 13th St and Greenwood St,0,5,N/A
1701426,9-Jun-20,Pennsylvania,Philadelphia,600 block of N 8th St,1,6,N/A
1701491,9-Jun-20,California,Vallejo,100 block of Cynthia Ave,2,3,N/A
1700371,8-Jun-20,New York,Brooklyn,512 Bristol St,0,4,N/A
1700250,8-Jun-20,Tennessee,Memphis,1525 E McLemore Ave,0,4,N/A
1699193,7-Jun-20,Tennessee,Dyersburg,1305 Grant St,0,5,N/A
1699577,7-Jun-20,Arkansas,Hope,1400 block of East Hickory St,0,5,N/A
1700234,7-Jun-20,Illinois,Robbins,13600 block of Central Park Ave,1,3,N/A
1699211,7-Jun-20,Missouri,Sikeston,915 Plantation Blvd,2,7,N/A
1698987,7-Jun-20,Illinois,Chicago,50 block of S Seeley Ave,1,3,N/A
1699667,7-Jun-20,Illinois,Chicago,3700 block of S State St,0,6,N/A
1698868,6-Jun-20,California,Sacramento,Gardendale Rd and 29th St,1,4,N/A
1698306,6-Jun-20,Missouri,Kansas City,E 18th St and Vine St,1,4,N/A
1700812,6-Jun-20,Mississippi,Drew,Wilson Ave,0,5,N/A
1698276,6-Jun-20,Ohio,Ironton,1305 S 3rd St,0,4,N/A
1697541,5-Jun-20,Colorado,Denver,4900 block of Wheeling St,0,4,N/A
1697453,4-Jun-20,Alabama,Valhermoso Springs,522 Talucah Rd,7,0,N/A
1695998,2-Jun-20,Texas,Dallas,7460 S Westmoreland Rd,1,3,N/A
1695586,2-Jun-20,Wisconsin,Racine,Kewaunee St and Michigan Blvd,0,5,N/A
1695645,2-Jun-20,Illinois,Chicago,8404 S Colfax Ave,0,4,N/A
1694735,1-Jun-20,Missouri,Saint Louis,1915 Olive St,0,4,N/A
1693340,31-May-20,Mississippi,Gulfport,S Carolina Ave and Polk St,1,5,N/A
1693580,31-May-20,Pennsylvania,Philadelphia,700 block of E Clearfield St,0,4,N/A
1692513,30-May-20,New Jersey,Paterson,E 23rd St and 10th Ave,0,4,N/A
1692912,30-May-20,District of Columbia,Washington,300 block of 37th St SE,0,4,N/A
1693064,30-May-20,Texas,Houston,9635 Scott St,1,4,N/A
1693246,30-May-20,Florida,Altha,21281 Apachee Rd,2,4,N/A
1692496,30-May-20,North Carolina,Gastonia,3000 block of Earl Ln,1,5,N/A
1692102,29-May-20,Virginia,Portsmouth,500 block of Edwards St,0,5,N/A
1691221,28-May-20,Kentucky,Louisville,601 W Jefferson St,0,7,N/A
1690922,28-May-20,Tennessee,Memphis,TN 385 and Kirby Pkwy,0,4,N/A
1691440,28-May-20,Pennsylvania,Philadelphia,300 block of N 55th St,1,3,N/A
1690369,27-May-20,Massachusetts,Boston,5 Ames St,1,4,N/A
1690524,27-May-20,Ohio,Cleveland,12800 Euclid Ave,1,3,N/A
1690439,27-May-20,California,San Jose,1100 block of William Ct,0,5,N/A
1689419,27-May-20,Pennsylvania,Philadelphia,1800 block of Hart Ln,0,4,N/A
1688610,26-May-20,Mississippi,Vicksburg,4045 Clay St,0,4,N/A
1689252,26-May-20,Pennsylvania,Philadelphia,2700 block of N Darian St,0,4,N/A
1688917,26-May-20,Illinois,Chicago,W Washington Blvd and N Hamlin Blvd,2,2,N/A
1689555,26-May-20,California,Los Angeles,119th St and Berendo Ave,0,5,N/A
1688753,26-May-20,South Carolina,Bowman,Dibble St and Rail St,3,5,N/A
1687999,25-May-20,Louisiana,Lake Charles,6780 US-90,0,6,N/A
1687219,24-May-20,Missouri,Saint Louis,Union Boulevard and Cote Brilliante Ave,0,4,N/A
1687037,24-May-20,South Carolina,Myrtle Beach,12th Ave N and Ocean Blvd,0,4,N/A
1687414,24-May-20,Alabama,Danville,68 Flint Creek Pvt Dr,3,1,N/A
1686222,23-May-20,Texas,Houston,2900 Travis St,0,4,N/A
1686615,23-May-20,Illinois,Rock Island,800 14 1/2 St,1,4,N/A
1687027,23-May-20,South Carolina,Jonesville,100 block of Dover Rd,2,5,N/A
1687108,23-May-20,North Carolina,Charlotte,4900 Block of Albemarle Rd,0,6,N/A
1687097,23-May-20,Michigan,Flint,4100 block of Minerva St,1,3,N/A
1686414,23-May-20,Florida,Fort Lauderdale (Lauderhill),7776 NW 44th St,0,5,N/A
1686747,23-May-20,Florida,Daytona Beach,13 S Atlantic Ave,0,6,N/A
1686685,23-May-20,Illinois,Chicago,3911 W Grenshaw St,1,3,N/A
1687381,23-May-20,Mississippi,Jackson,2300 block of Oakhurst Dr,1,4,N/A
1686015,22-May-20,Ohio,Cleveland,11921 Miles Ave,1,3,N/A
1683810,20-May-20,Texas,Houston,6918 Landor St,2,3,N/A
1683653,19-May-20,Illinois,Decatur,300 block of West Leafland Ave,0,5,N/A
1682322,18-May-20,California,Bakersfield,901 W Columbus St,0,5,N/A
1681602,17-May-20,South Carolina,Charleston,23 Cannon St,0,4,N/A
1682233,17-May-20,South Carolina,Saint Matthews,100 block of Bugleflower Ln,4,1,N/A
1681588,16-May-20,Louisiana,Bogalusa,Martin Luther King Dr and E 4th St,0,13,N/A
1686369,15-May-20,Florida,Gainesville,2305 SE Hawthorne Rd,0,5,N/A
1850080,15-May-20,Pennsylvania,Philadelphia,4300 block of Germantown Ave,0,4,N/A
1680027,14-May-20,New Mexico,Albuquerque,820 Louisiana SE,0,5,N/A
1679086,13-May-20,Illinois,Rockford,2914 W State St,1,4,N/A
1678589,13-May-20,Kentucky,Garrison,6151 Kinney Rd,1,4,N/A
1679356,13-May-20,Tennessee,Memphis,3500 block of Commerce Cir,0,4,N/A
1677566,11-May-20,Alabama,Montgomery,Rosa Parks Ave and Courtland Dr,0,4,N/A
1676515,10-May-20,Louisiana,Baton Rouge,2944 Plank Rd,0,5,N/A
1676579,10-May-20,Texas,Fort Worth,4750 Wilbarger St,0,5,N/A
1676746,10-May-20,Texas,Katy,18000 block of Bonners Park Cir,0,6,N/A
1676121,9-May-20,Missouri,Saint Louis,3500 block of Arkansas Ave,0,4,N/A
1674802,7-May-20,Maryland,Baltimore,5100 block of Stafford Rd,0,4,N/A
1673989,6-May-20,Texas,Houston,14200 block of Bridgeport Rd,3,1,N/A
1673633,6-May-20,Georgia,Albany,1900 block of Meadow Dr,1,3,N/A
1674299,6-May-20,Tennessee,Memphis,Barron Ave and Dogwood Dr,2,2,N/A
1671289,3-May-20,Ohio,Columbus,300 block of S Ashburton Rd,0,4,N/A
1671624,3-May-20,Florida,Jacksonville,2100 block of Brooklyn Rd,1,3,N/A
1671078,3-May-20,Illinois,Chicago,3700 W 13th St,0,5,N/A
1670970,2-May-20,Pennsylvania,Philadelphia,200 block of S Cecil St,0,4,N/A
1668470,29-Apr-20,Indiana,Indianapolis,451 E Stop 11 Rd,0,4,N/A
1666945,27-Apr-20,Wisconsin,Milwaukee,2800 block of N 12th St,5,0,N/A
1666461,26-Apr-20,New York,Troy,Jefferson St and 3rd St,0,4,N/A
1666600,26-Apr-20,North Carolina,Salisbury,900 block of E Lafayette St,1,4,N/A
1666327,25-Apr-20,Florida,Orlando,Elese St and Deerock Dr,1,4,N/A
1665834,25-Apr-20,Tennessee,Memphis,500 block of Josephine St,0,7,N/A
1664933,24-Apr-20,Texas,Houston,4714 Ward St,3,1,N/A
1665735,24-Apr-20,Indiana,Fort Wayne,3233 Diplomat Dr,0,4,N/A
1661537,18-Apr-20,Maryland,Hyattsville,7500 block of Courtney Pl,2,2,N/A
1660797,17-Apr-20,North Carolina,Greensboro,4400 block of Beckford Dr,1,3,N/A
1661218,17-Apr-20,Massachusetts,Springfield,College St,1,4,N/A
1659862,16-Apr-20,Pennsylvania,Philadelphia,Bustleton Ave and St Vincent St,0,4,N/A
1659966,15-Apr-20,Mississippi,Jackson,1200 block of Wood Village Dr,1,3,N/A
1656873,11-Apr-20,California,Bakersfield,Pioneer Rd and Sterling Rd,0,6,N/A
1656265,10-Apr-20,Michigan,Muskegon,800 block of Oak St,0,4,N/A
1655674,8-Apr-20,Michigan,Detroit,1200 block of Payton St,0,4,N/A
1654971,8-Apr-20,South Carolina,Greenwood,1522 Parkway,1,3,N/A
1656373,8-Apr-20,Alaska,Anchorage,10600 block of Elmore Rd,0,4,N/A
1654341,7-Apr-20,Illinois,Chicago,86th Street and Damen Avenue,1,3,N/A
1652642,5-Apr-20,New York,Brooklyn,181 Rockaway Pky,0,4,N/A
1652734,5-Apr-20,California,Los Angeles,89th St and Hobart Ave,1,3,N/A
1653012,5-Apr-20,South Carolina,Lancaster,Mahaffey Line Dr,1,4,N/A
1652601,4-Apr-20,Texas,Vidor,100 block of Hebert St,0,4,N/A
1652073,4-Apr-20,Texas,Lubbock,2107 49th St,2,2,N/A
1652328,4-Apr-20,Florida,Hialeah,W 69th St and 24th Ave,1,4,N/A
1651742,3-Apr-20,Kentucky,Louisville,1000 block of Cecil Ave,0,4,N/A
1649473,31-Mar-20,Georgia,Macon,571 Moreland Ave,3,1,N/A
1648832,30-Mar-20,Pennsylvania,Philadelphia,2000 block of W Harold St,0,5,N/A
1648205,29-Mar-20,Georgia,Atlanta,Ponce de Leon Ave and Parkway Dr,0,4,N/A
1647661,28-Mar-20,Maryland,Baltimore,1100 block of Washington Blvd,1,3,N/A
1644111,23-Mar-20,Texas,San Antonio,6700 block of Hickory Springs Dr,0,4,N/A
1643775,22-Mar-20,South Carolina,Hanahan,Edinburgh Drive,0,4,N/A
1643157,20-Mar-20,Virginia,Norfolk,800 block of Lincoln St,0,4,N/A
1642826,20-Mar-20,Missouri,Saint Louis,1923 Prairie Ave,0,4,N/A
1641923,18-Mar-20,Florida,Jacksonville,11501 Harts Rd,1,4,N/A
1641216,17-Mar-20,Maryland,Baltimore,300 block of McMechen St,0,7,N/A
1640295,15-Mar-20,North Carolina,Moncure,842 Moncure Flatwood Rd,7,0,N/A
1640317,15-Mar-20,Missouri,Springfield,3264 E Battlefield Rd,5,2,N/A
1640007,14-Mar-20,Michigan,Saginaw,4100 block of Gallagher St,2,2,N/A
1639542,14-Mar-20,New Mexico,Albuquerque,620 block of Arno SE,1,3,N/A
1639413,13-Mar-20,Illinois,Rockford,4104 Auburn St,0,4,N/A
1640278,13-Mar-20,Louisiana,New Orleans (Algiers),Wagner St and Hero Blvd,0,5,N/A
1637520,10-Mar-20,Pennsylvania,Chester,200 block of Broomall Street,2,2,N/A
1636471,8-Mar-20,Illinois,South Holland,I-94 and E 162nd St,0,4,N/A
1635796,8-Mar-20,Maryland,Rosedale,6247 Kenwood Ave,1,5,N/A
1636564,8-Mar-20,California,Ceres,3600 block of Spruce Ave,1,3,N/A
1635750,7-Mar-20,Ohio,Cleveland,3804 E 93rd St,1,18,N/A
1635570,7-Mar-20,New Mexico,Albuquerque,1700 block of Rayo Del Sol Dr SW,0,4,N/A
1635411,7-Mar-20,Illinois,Chicago,900 block of E 79th St,0,7,N/A
1635118,6-Mar-20,District of Columbia,Washington,6219 Dix St NE,0,6,N/A
1634128,4-Mar-20,California,Tulare,111 W Tulare Ave,1,5,N/A
1631040,29-Feb-20,Missouri,Kansas City,510 Westport Rd,1,4,N/A
1631831,29-Feb-20,Colorado,Brighton,Starr Ln and County Rd 2,0,5,N/A
1629488,26-Feb-20,Wisconsin,Milwaukee,3939 W Highland Blvd,6,0,N/A
1629042,25-Feb-20,Illinois,Chicago,1238 E 79th St,1,4,N/A
1627335,23-Feb-20,North Carolina,Clarkton,71 Tina Ln,3,1,N/A
1627713,23-Feb-20,Texas,Houston,8712 Airline Dr,0,7,N/A
1625553,20-Feb-20,Idaho,Caldwell,4321 S 10th Ave,2,3,N/A
1625787,20-Feb-20,North Carolina,Greensboro,Martin Luther King Jr Ave and Randolph Dr,0,4,N/A
1623696,17-Feb-20,Mississippi,Port Gibson,8027 Hwy 61,2,2,N/A
1622406,16-Feb-20,Connecticut,Hartford,451 Franklin Ave,1,5,N/A
1622962,16-Feb-20,Florida,Pensacola,517 W Gadsden St,1,4,N/A
1622340,15-Feb-20,Louisiana,New Orleans,Dryades St and 2nd St,0,4,N/A
1622233,15-Feb-20,Tennessee,Memphis,2800 block of Riverport Rd,0,7,N/A
1621821,14-Feb-20,Illinois,Chicago,6500 block of S King Dr,0,6,N/A
1619064,10-Feb-20,Delaware,Dover,200 block of W Reed St,1,4,N/A
1616964,8-Feb-20,Texas,Houston,1000 block of Calvin St,1,3,N/A
1615155,5-Feb-20,Indiana,Indianapolis,4100 block of Shady Oak Dr,4,0,N/A
1613020,3-Feb-20,Maine,Machias,323 Kennebec Rd,3,1,N/A
1612716,3-Feb-20,California,Lebec,8968 Grapevine Rd,1,5,N/A
1612597,1-Feb-20,Mississippi,Philadelphia,257 W Beacon St,0,4,N/A
1611563,31-Jan-20,California,Delano,Hiett Ave and County Line Rd,1,4,N/A
1610782,31-Jan-20,Louisiana,Shreveport,2000 Grimmett Dr,0,4,N/A
1611037,31-Jan-20,Florida,Boynton Beach,200 block of NE 1st Ct,1,3,N/A
1610240,30-Jan-20,California,Merced,100 block of W 18th St,0,4,N/A
1606554,27-Jan-20,Connecticut,Bridgeport,172 Golden Hill St,0,4,N/A
1605948,26-Jan-20,Missouri,Cape Girardeau,631 S Sprigg St,0,5,N/A
1605798,26-Jan-20,New York,Newburgh,1571 NY-300,3,1,N/A
1605770,26-Jan-20,North Carolina,Salisbury,1935 Jake Alexander Blvd,0,6,N/A
1605752,26-Jan-20,South Carolina,Hartsville,115 W Camden Ave,3,3,N/A
1606476,24-Jan-20,North Carolina,Vanceboro,107 Kinshaw Ct,5,0,N/A
1603241,22-Jan-20,Washington,Seattle,1530 3rd Ave,1,7,N/A
1600787,19-Jan-20,Missouri,Kansas City,4802 Noland Rd,2,15,N/A
1600221,19-Jan-20,Tennessee,Memphis,6761 Winchester Rd,1,4,N/A
1600522,19-Jan-20,Texas,San Antonio,1011 Avenue B,2,5,N/A
1600350,18-Jan-20,Texas,South Houston,700 block of Virginia St,2,2,N/A
1599331,17-Jan-20,Utah,Grantsville,93 Eastmoor Dr,4,1,N/A
1598447,16-Jan-20,Illinois,Chicago,234 N Pulaski Rd,0,5,N/A
1594173,11-Jan-20,Colorado,Aurora,17158 E Adriatic Place,0,5,N/A
1592655,8-Jan-20,Mississippi,Bay Saint Louis,10 Bay Park Way,2,2,N/A
1588919,5-Jan-20,Georgia,Atlanta,1008 Brady Ave NW,0,4,N/A
1588308,4-Jan-20,Florida,Ocala,800 block of NW 6th Ter,1,3,N/A
1586839,2-Jan-20,New York,Brooklyn,6120 3rd Ave,0,4,N/A
1585746,1-Jan-20,Ohio,Cleveland,1437 St Clair Ave NE,0,4,N/A
1585394,1-Jan-20,West Virginia,Huntington,1113 4th Ave,0,7,N/A
1585894,1-Jan-20,Missouri,Saint Louis,3000 block of S Jefferson Ave,3,2,N/A
